Workbook

Sheet Ставки
A1: Сотрудник | B1: Почасовая ставка (₽/ч) | C1: Процент от выручки
A2: Анна | B2: 320 | C2: 0.009
A3: Илья | B3: 300 | C3: 0.008
A4: Мария | B4: 340 | C4: 0.01
A5: Сергей | B5: 290 | C5: 0.0075
A6: Ольга | B6: 330 | C6: 0.0095

Sheet Бонусы
A1: Параметр | B1: Значение
A2: Правило | B2: Бонус по KPI начисляется по таблице порогов (выручка за смену).
A3: Примечание | B3: 31.12.2025: двойная оплата базовой части (почасовая ставка × 2).
A4: План (минимальный порог), ₽ | B4: 28000
A6: Порог выручки (₽) | B6: Бонус (₽)
A7: 0 | B7: 0
A8: 28000 | B8: 400
A9: 32000 | B9: 600
A10: 38000 | B10: 900
A11: 45000 | B11: 1300

Sheet Смены
A1: Дата | B1: Сотрудник | C1: Начало смены | D1: Окончание смены | E1: Выручка за смену (₽) | F1: Отработанные часы | G1: Множитель (31.12=2) | H1: Ставка (₽/ч) | I1: % от выручки | J1: Базовая зарплата (₽) | K1: Процент (₽) | L1: Бонус KPI (₽) | M1: Итого за смену (₽)
A2: 45992 | B2: Илья | C2: 0.29166667 | D2: 0.63541667 | E2: 25794 | F2: =IF(D2<C2, (D2+1-C2)*24, (D2-C2)*24) | G2: =IF(A2=DATE(2025,12,31),2,1) | H2: =VLOOKUP(B2,Ставки!$A$2:$C$100,2,FALSE) | I2: =VLOOKUP(B2,Ставки!$A$2:$C$100,3,FALSE) | J2: =F2*H2*G2 | K2: =E2*I2 | L2: =LOOKUP(E2,Бонусы!$A$7:$A$11,Бонусы!$B$7:$B$11) | M2: =J2+K2+L2
A3: 45992 | B3: Мария | C3: 0.42708333 | D3: 0.75 | E3: 38871 | F3: =IF(D3<C3, (D3+1-C3)*24, (D3-C3)*24) | G3: =IF(A3=DATE(2025,12,31),2,1) | H3: =VLOOKUP(B3,Ставки!$A$2:$C$100,2,FALSE) | I3: =VLOOKUP(B3,Ставки!$A$2:$C$100,3,FALSE) | J3: =F3*H3*G3 | K3: =E3*I3 | L3: =LOOKUP(E3,Бонусы!$A$7:$A$11,Бонусы!$B$7:$B$11) | M3: =J3+K3+L3
A4: 45992 | B4: Ольга | C4: 0.64583333 | D4: 0.95833333 | E4: 46817 | F4: =IF(D4<C4, (D4+1-C4)*24, (D4-C4)*24) | G4: =IF(A4=DATE(2025,12,31),2,1) | H4: =VLOOKUP(B4,Ставки!$A$2:$C$100,2,FALSE) | I4: =VLOOKUP(B4,Ставки!$A$2:$C$100,3,FALSE) | J4: =F4*H4*G4 | K4: =E4*I4 | L4: =LOOKUP(E4,Бонусы!$A$7:$A$11,Бонусы!$B$7:$B$11) | M4: =J4+K4+L4
A5: 45993 | B5: Сергей | C5: 0.29166667 | D5: 0.63541667 | E5: 23280 | F5: =IF(D5<C5, (D5+1-C5)*24, (D5-C5)*24) | G5: =IF(A5=DATE(2025,12,31),2,1) | H5: =VLOOKUP(B5,Ставки!$A$2:$C$100,2,FALSE) | I5: =VLOOKUP(B5,Ставки!$A$2:$C$100,3,FALSE) | J5: =F5*H5*G5 | K5: =E5*I5 | L5: =LOOKUP(E5,Бонусы!$A$7:$A$11,Бонусы!$B$7:$B$11) | M5: =J5+K5+L5
A6: 45993 | B6: Анна | C6: 0.4375 | D6: 0.77083333 | E6: 27516 | F6: =IF(D6<C6, (D6+1-C6)*24, (D6-C6)*24) | G6: =IF(A6=DATE(2025,12,31),2,1) | H6: =VLOOKUP(B6,Ставки!$A$2:$C$100,2,FALSE) | I6: =VLOOKUP(B6,Ставки!$A$2:$C$100,3,FALSE) | J6: =F6*H6*G6 | K6: =E6*I6 | L6: =LOOKUP(E6,Бонусы!$A$7:$A$11,Бонусы!$B$7:$B$11) | M6: =J6+K6+L6
A7: 45993 | B7: Анна | C7: 0.65625 | D7: 0.96875 | E7: 47997 | F7: =IF(D7<C7, (D7+1-C7)*24, (D7-C7)*24) | G7: =IF(A7=DATE(2025,12,31),2,1) | H7: =VLOOKUP(B7,Ставки!$A$2:$C$100,2,FALSE) | I7: =VLOOKUP(B7,Ставки!$A$2:$C$100,3,FALSE) | J7: =F7*H7*G7 | K7: =E7*I7 | L7: =LOOKUP(E7,Бонусы!$A$7:$A$11,Бонусы!$B$7:$B$11) | M7: =J7+K7+L7
A8: 45994 | B8: Мария | C8: 0.29166667 | D8: 0.64583333 | E8: 21809 | F8: =IF(D8<C8, (D8+1-C8)*24, (D8-C8)*24) | G8: =IF(A8=DATE(2025,12,31),2,1) | H8: =VLOOKUP(B8,Ставки!$A$2:$C$100,2,FALSE) | I8: =VLOOKUP(B8,Ставки!$A$2:$C$100,3,FALSE) | J8: =F8*H8*G8 | K8: =E8*I8 | L8: =LOOKUP(E8,Бонусы!$A$7:$A$11,Бонусы!$B$7:$B$11) | M8: =J8+K8+L8
A9: 45994 | B9: Сергей | C9: 0.42708333 | D9: 0.77083333 | E9: 23458 | F9: =IF(D9<C9, (D9+1-C9)*24, (D9-C9)*24) | G9: =IF(A9=DATE(2025,12,31),2,1) | H9: =VLOOKUP(B9,Ставки!$A$2:$C$100,2,FALSE) | I9: =VLOOKUP(B9,Ставки!$A$2:$C$100,3,FALSE) | J9: =F9*H9*G9 | K9: =E9*I9 | L9: =LOOKUP(E9,Бонусы!$A$7:$A$11,Бонусы!$B$7:$B$11) | M9: =J9+K9+L9
A10: 45994 | B10: Ольга | C10: 0.65625 | D10: 0.95833333 | E10: 46034 | F10: =IF(D10<C10, (D10+1-C10)*24, (D10-C10)*24) | G10: =IF(A10=DATE(2025,12,31),2,1) | H10: =VLOOKUP(B10,Ставки!$A$2:$C$100,2,FALSE) | I10: =VLOOKUP(B10,Ставки!$A$2:$C$100,3,FALSE) | J10: =F10*H10*G10 | K10: =E10*I10 | L10: =LOOKUP(E10,Бонусы!$A$7:$A$11,Бонусы!$B$7:$B$11) | M10: =J10+K10+L10
A11: 45995 | B11: Илья | C11: 0.3125 | D11: 0.625 | E11: 26829 | F11: =IF(D11<C11, (D11+1-C11)*24, (D11-C11)*24) | G11: =IF(A11=DATE(2025,12,31),2,1) | H11: =VLOOKUP(B11,Ставки!$A$2:$C$100,2,FALSE) | I11: =VLOOKUP(B11,Ставки!$A$2:$C$100,3,FALSE) | J11: =F11*H11*G11 | K11: =E11*I11 | L11: =LOOKUP(E11,Бонусы!$A$7:$A$11,Бонусы!$B$7:$B$11) | M11: =J11+K11+L11
A12: 45995 | B12: Мария | C12: 0.42708333 | D12: 0.75 | E12: 32304 | F12: =IF(D12<C12, (D12+1-C12)*24, (D12-C12)*24) | G12: =IF(A12=DATE(2025,12,31),2,1) | H12: =VLOOKUP(B12,Ставки!$A$2:$C$100,2,FALSE) | I12: =VLOOKUP(B12,Ставки!$A$2:$C$100,3,FALSE) | J12: =F12*H12*G12 | K12: =E12*I12 | L12: =LOOKUP(E12,Бонусы!$A$7:$A$11,Бонусы!$B$7:$B$11) | M12: =J12+K12+L12
A13: 45995 | B13: Сергей | C13: 0.64583333 | D13: 0.97916667 | E13: 43079 | F13: =IF(D13<C13, (D13+1-C13)*24, (D13-C13)*24) | G13: =IF(A13=DATE(2025,12,31),2,1) | H13: =VLOOKUP(B13,Ставки!$A$2:$C$100,2,FALSE) | I13: =VLOOKUP(B13,Ставки!$A$2:$C$100,3,FALSE) | J13: =F13*H13*G13 | K13: =E13*I13 | L13: =LOOKUP(E13,Бонусы!$A$7:$A$11,Бонусы!$B$7:$B$11) | M13: =J13+K13+L13
... A102: 46022 | B102: Сергей | C102: 0.65625 | D102: 0.97916667 | E102: 57457 | F102: =IF(D102<C102, (D102+1-C102)*24, (D102-C102)*24) | G102: =IF(A102=DATE(2025,12,31),2,1) | H102: =VLOOKUP(B102,Ставки!$A$2:$C$100,2,FALSE) | I102: =VLOOKUP(B102,Ставки!$A$2:$C$100,3,FALSE) | J102: =F102*H102*G102 | K102: =E102*I102 | L102: =LOOKUP(E102,Бонусы!$A$7:$A$11,Бонусы!$B$7:$B$11) | M102: =J102+K102+L102

Sheet Зарплата_период
A1: Зарплата за период (декабрь 2025)
A2: Период с | B2: 45992
A3: Период по | B3: 46022
A5: Сотрудник | B5: Часы | C5: Базовая часть (₽) | D5: % от выручки (₽) | E5: Бонусы (₽) | F5: Итого (₽)
A6: Анна | B6: =SUMIFS(Смены!$F:$F,Смены!$B:$B,$A6,Смены!$A:$A,">="&$B$2,Смены!$A:$A,"<="&$B$3) | C6: =SUMIFS(Смены!$J:$J,Смены!$B:$B,$A6,Смены!$A:$A,">="&$B$2,Смены!$A:$A,"<="&$B$3) | D6: =SUMIFS(Смены!$K:$K,Смены!$B:$B,$A6,Смены!$A:$A,">="&$B$2,Смены!$A:$A,"<="&$B$3) | E6: =SUMIFS(Смены!$L:$L,Смены!$B:$B,$A6,Смены!$A:$A,">="&$B$2,Смены!$A:$A,"<="&$B$3) | F6: =SUMIFS(Смены!$M:$M,Смены!$B:$B,$A6,Смены!$A:$A,">="&$B$2,Смены!$A:$A,"<="&$B$3)
A7: Илья | B7: =SUMIFS(Смены!$F:$F,Смены!$B:$B,$A7,Смены!$A:$A,">="&$B$2,Смены!$A:$A,"<="&$B$3) | C7: =SUMIFS(Смены!$J:$J,Смены!$B:$B,$A7,Смены!$A:$A,">="&$B$2,Смены!$A:$A,"<="&$B$3) | D7: =SUMIFS(Смены!$K:$K,Смены!$B:$B,$A7,Смены!$A:$A,">="&$B$2,Смены!$A:$A,"<="&$B$3) | E7: =SUMIFS(Смены!$L:$L,Смены!$B:$B,$A7,Смены!$A:$A,">="&$B$2,Смены!$A:$A,"<="&$B$3) | F7: =SUMIFS(Смены!$M:$M,Смены!$B:$B,$A7,Смены!$A:$A,">="&$B$2,Смены!$A:$A,"<="&$B$3)
A8: Мария | B8: =SUMIFS(Смены!$F:$F,Смены!$B:$B,$A8,Смены!$A:$A,">="&$B$2,Смены!$A:$A,"<="&$B$3) | C8: =SUMIFS(Смены!$J:$J,Смены!$B:$B,$A8,Смены!$A:$A,">="&$B$2,Смены!$A:$A,"<="&$B$3) | D8: =SUMIFS(Смены!$K:$K,Смены!$B:$B,$A8,Смены!$A:$A,">="&$B$2,Смены!$A:$A,"<="&$B$3) | E8: =SUMIFS(Смены!$L:$L,Смены!$B:$B,$A8,Смены!$A:$A,">="&$B$2,Смены!$A:$A,"<="&$B$3) | F8: =SUMIFS(Смены!$M:$M,Смены!$B:$B,$A8,Смены!$A:$A,">="&$B$2,Смены!$A:$A,"<="&$B$3)
A9: Сергей | B9: =SUMIFS(Смены!$F:$F,Смены!$B:$B,$A9,Смены!$A:$A,">="&$B$2,Смены!$A:$A,"<="&$B$3) | C9: =SUMIFS(Смены!$J:$J,Смены!$B:$B,$A9,Смены!$A:$A,">="&$B$2,Смены!$A:$A,"<="&$B$3) | D9: =SUMIFS(Смены!$K:$K,Смены!$B:$B,$A9,Смены!$A:$A,">="&$B$2,Смены!$A:$A,"<="&$B$3) | E9: =SUMIFS(Смены!$L:$L,Смены!$B:$B,$A9,Смены!$A:$A,">="&$B$2,Смены!$A:$A,"<="&$B$3) | F9: =SUMIFS(Смены!$M:$M,Смены!$B:$B,$A9,Смены!$A:$A,">="&$B$2,Смены!$A:$A,"<="&$B$3)
A10: Ольга | B10: =SUMIFS(Смены!$F:$F,Смены!$B:$B,$A10,Смены!$A:$A,">="&$B$2,Смены!$A:$A,"<="&$B$3) | C10: =SUMIFS(Смены!$J:$J,Смены!$B:$B,$A10,Смены!$A:$A,">="&$B$2,Смены!$A:$A,"<="&$B$3) | D10: =SUMIFS(Смены!$K:$K,Смены!$B:$B,$A10,Смены!$A:$A,">="&$B$2,Смены!$A:$A,"<="&$B$3) | E10: =SUMIFS(Смены!$L:$L,Смены!$B:$B,$A10,Смены!$A:$A,">="&$B$2,Смены!$A:$A,"<="&$B$3) | F10: =SUMIFS(Смены!$M:$M,Смены!$B:$B,$A10,Смены!$A:$A,">="&$B$2,Смены!$A:$A,"<="&$B$3)
A11: ИТОГО | B11: =SUM(B6:B10) | C11: =SUM(C6:C10) | D11: =SUM(D6:D10) | E11: =SUM(E6:E10) | F11: =SUM(F6:F10)
A13: Подсказки для автоматизации:
A14: • Добавляйте новые строки в лист "Смены" (колонки A–E). Расчёты считаются формулами справа.
A15: • Ставки и проценты меняются в листе "Ставки".
A16: • KPI-бонусы настраиваются в листе "Бонусы" (пороги должны быть отсортированы по возрастанию).
A17: • Двойная оплата 31.12.2025 применяется к базовой части через колонку "Множитель" в листе "Смены".
